<?xml version="1.0" encoding="UTF-8"?>
<server>
   <requests>
      <Session.openRq userName="admin" password="admin"/>
      <Session.setDocumentRq>
         <session key="10503463">
            <data key="CAP">
               <MetaData>
                  <SourceSystem>
                     <Name>CXML</Name>
                     <XMLVersion>R3.228</XMLVersion>
                     <SBU>AGB</SBU>
                     <LOB>CAP</LOB>
                     <TransactionGroup Activity="E" Source="UDAGRI">
                        <Part>1</Part>
                        <TotalParts>1</TotalParts>
                     </TransactionGroup>
                  </SourceSystem>
                  <Adaptor>
                     <AdaptorVersion>AGBR01-2012-07-01-00</AdaptorVersion>
                     <SchemaVersion>0.0</SchemaVersion>
                     <ProcessDateTime>2018-04-24T01:57:00.6-04:00</ProcessDateTime>
                  </Adaptor>
               </MetaData>
               <WatercraftSelected>0</WatercraftSelected>
               <FarmGLSelected>0</FarmGLSelected>
               <CCCSelected>0</CCCSelected>
               <IdentityTheftSelected>0</IdentityTheftSelected>
               <SPPSelected>0</SPPSelected>
               <FarmPropertySelected>0</FarmPropertySelected>
               <AutoSelected>1</AutoSelected>
               <AgriguardSelected>0</AgriguardSelected>
               <EquipmentBreakdownSelected>0</EquipmentBreakdownSelected>
               <eligibility>
                  <EligibilityExperienceRatingOverride>0</EligibilityExperienceRatingOverride>
               </eligibility>
               <policy key="38942493">
                  <line key="38942494">
                     <LineCoverageCode>AUTOPS</LineCoverageCode>
                     <risk key="38942497">
                        <RiskCoverageCode>VEH</RiskCoverageCode>
                        <RiskInputVehicleUseCode>0</RiskInputVehicleUseCode>
                        <RiskInputVehicleUse>n/a</RiskInputVehicleUse>
                        <RiskInputRatingBasis>Comprehensive</RiskInputRatingBasis>
                        <RiskInputAntiTheftDiscountIndicator/>
                        <RiskInputLimitNonEconomicLossIndicator>0</RiskInputLimitNonEconomicLossIndicator>
                        <RiskInputVehicleNumberOfQualifyingSafetyFeatures/>
                        <RiskInputAdditionalExtendedMedExpenseBenefitIndicator>0</RiskInputAdditionalExtendedMedExpenseBenefitIndicator>
                        <RiskInputVehicleOperatedByEmployeeIndicator>0</RiskInputVehicleOperatedByEmployeeIndicator>
                        <RiskInputVehicleFurnishedForRegularUseIndicator>0</RiskInputVehicleFurnishedForRegularUseIndicator>
                        <RiskInputStackingIndicator>0</RiskInputStackingIndicator>
                        <RiskInputVehicleNumber>1</RiskInputVehicleNumber>
                        <RiskInputRiskType>VEH</RiskInputRiskType>
                        <RiskInputRatingState>OH</RiskInputRatingState>
                        <RiskInputZipCode>45202</RiskInputZipCode>
                        <RiskInputRatingTerritory>102</RiskInputRatingTerritory>
                        <RiskInputACTION_REF_ID>E</RiskInputACTION_REF_ID>
                        <RiskInputFarmUseIndicator>0</RiskInputFarmUseIndicator>
                        <RiskInputGolfCartForCommercialPurposeIndicator>0</RiskInputGolfCartForCommercialPurposeIndicator>
                        <RiskInputCompFullGlassIndicator>0</RiskInputCompFullGlassIndicator>
                        <RiskInputOperatorLicensedLessThan5YearsIndicator>0</RiskInputOperatorLicensedLessThan5YearsIndicator>
                        <RiskInputOwner>0</RiskInputOwner>
                        <RiskInputPersonalFamilyIndicator>0</RiskInputPersonalFamilyIndicator>
                        <RiskInputRatingType>ACV</RiskInputRatingType>
                        <RiskInputSnowmobileBreakingThroughIce/>
                        <RiskInputSnowmobilePassengerHazard/>
                        <RiskInputTrailerLightTruckIndicator>0</RiskInputTrailerLightTruckIndicator>
                        <RiskInputTrailerShowroomUseIndicator>0</RiskInputTrailerShowroomUseIndicator>
                        <RiskInputVehicleAge>4</RiskInputVehicleAge>
                        <RiskInputVehicleAutoLoanLeaseIndicator>0</RiskInputVehicleAutoLoanLeaseIndicator>
                        <RiskInputVehicleCostNewAmount>50000</RiskInputVehicleCostNewAmount>
                        <RiskInputVehicleDrivenGreaterThan15MilesIndicator>0</RiskInputVehicleDrivenGreaterThan15MilesIndicator>
                        <RiskInputVehicleDrivenToWorkOrSchoolIndicator>0</RiskInputVehicleDrivenToWorkOrSchoolIndicator>
                        <RiskInputVehicleFarmersLimitedRegistrationPlatesIndicator>0</RiskInputVehicleFarmersLimitedRegistrationPlatesIndicator>
                        <RiskInputVehicleFurnishedBy>AllOther</RiskInputVehicleFurnishedBy>
                        <RiskInputVehicleGVW>0</RiskInputVehicleGVW>
                        <RiskInputVehicleRadius>0</RiskInputVehicleRadius>
                        <RiskInputVehicleStatedAmount>0</RiskInputVehicleStatedAmount>
                        <RiskInputVehicleType>P</RiskInputVehicleType>
                        <RiskInputUMUIMAppliesTo>OtherThanIndividualOrMarried</RiskInputUMUIMAppliesTo>
                        <RiskInputVehicleWaiverOfCollisionIndicator>0</RiskInputVehicleWaiverOfCollisionIndicator>
                        <RiskInputWindowGlassFullCoverageIndicator>0</RiskInputWindowGlassFullCoverageIndicator>
                        <RiskInputTrailerAttachedToPowerUnits>0</RiskInputTrailerAttachedToPowerUnits>
                        <RiskInputAdditionalDeathBenefitIndicator>0</RiskInputAdditionalDeathBenefitIndicator>
                        <RiskInputLoggingLiabilityCoverageIndicator>0</RiskInputLoggingLiabilityCoverageIndicator>
                        <RiskInputMedicalExpenseBenefitsCvgIndicator>0</RiskInputMedicalExpenseBenefitsCvgIndicator>
                        <RiskInputTransportSeasonalMigrantFarmWorkersIndicator>0</RiskInputTransportSeasonalMigrantFarmWorkersIndicator>
                        <RiskInputSubjectToNoFaultIndicator>0</RiskInputSubjectToNoFaultIndicator>
                        <RiskInputLeasingOrRentalIndicator>0</RiskInputLeasingOrRentalIndicator>
                        <RiskInputFactoryInstalledRunningLightsIndicator>0</RiskInputFactoryInstalledRunningLightsIndicator>
                        <RiskInputOwnerOperatorIndicator>0</RiskInputOwnerOperatorIndicator>
                        <RiskInputFarmUseIndicator>0</RiskInputFarmUseIndicator>
                        <RiskInputWindowGlassFullCoverageIndicator>0</RiskInputWindowGlassFullCoverageIndicator>
                        <RiskInputVehicleLessorNamedInEndorsementIndicator>0</RiskInputVehicleLessorNamedInEndorsementIndicator>
                        <RiskInputSubjectToNoFaultIndicator>0</RiskInputSubjectToNoFaultIndicator>
                        <RiskInputDateVehicleAdded>2018-05-12</RiskInputDateVehicleAdded>
                        <RiskInputVehicleDrivenOnPublicRoadwaysIndicator>0</RiskInputVehicleDrivenOnPublicRoadwaysIndicator>
                        <RiskInputAccidentPreventionRefresherCourseIndicator>0</RiskInputAccidentPreventionRefresherCourseIndicator>
                        <RiskInputGovtSponsoredIndicator>0</RiskInputGovtSponsoredIndicator>
                        <RiskInputVehicleIndividuallyOwnedIndicator>0</RiskInputVehicleIndividuallyOwnedIndicator>
                        <RiskInputMotorcycleUsedInLawEnforcementIndicator>0</RiskInputMotorcycleUsedInLawEnforcementIndicator>
                        <RiskInputNAICSCode>112920</RiskInputNAICSCode>
                        <coverages key="60473120">
                           <CoveragesInputCoverageCode>LIAB</CoveragesInputCoverageCode>
                           <CoveragesInputCoverageType>CVRG</CoveragesInputCoverageType>
                           <CoveragesInputRiskType>VEH</CoveragesInputRiskType>
                           <CoveragesInputVehicleRideShareArrangementIndicator>0</CoveragesInputVehicleRideShareArrangementIndicator>
                           <CoveragesinputVehicleLicensedIndicator>0</CoveragesinputVehicleLicensedIndicator>
                           <CoveragesInputMechanicalLiftIndicator>0</CoveragesInputMechanicalLiftIndicator>
                           <CoveragesInputACTION_REF_ID>E</CoveragesInputACTION_REF_ID>
                           <CoveragesInputAPRP_ReturnPremiumIndicator>1</CoveragesInputAPRP_ReturnPremiumIndicator>
                           <CoveragesInputAPRP_DeleteCovgIndicator>0</CoveragesInputAPRP_DeleteCovgIndicator>
                           <CoveragesInputTortLimitationIndicator>0</CoveragesInputTortLimitationIndicator>
                           <CoveragesInputAPRP_CVRG_EXP_DT>2019-05-12</CoveragesInputAPRP_CVRG_EXP_DT>
                           <CoveragesInputAPRP_CVRG_TRANS_EFF_DT>2018-08-01</CoveragesInputAPRP_CVRG_TRANS_EFF_DT>
                           <CoveragesInputAPRP_TRANS_EFF_DT>2018-08-01</CoveragesInputAPRP_TRANS_EFF_DT>
                           <CoveragesInputLimit>1000000</CoveragesInputLimit>
                           <CoveragesInputAPRP_PREVP>627</CoveragesInputAPRP_PREVP>
                           <CoveragesInputAPRP_PREVPRP>627</CoveragesInputAPRP_PREVPRP>
                           <CoveragesInputDeductibleType>NONE</CoveragesInputDeductibleType>
                        </coverages>
                        <coverages key="60473116">
                           <CoveragesInputCoverageCode>COLL</CoveragesInputCoverageCode>
                           <CoveragesInputCoverageType>CVRG</CoveragesInputCoverageType>
                           <CoveragesInputRiskType>VEH</CoveragesInputRiskType>
                           <CoveragesInputLimitedCollisionIndicator>0</CoveragesInputLimitedCollisionIndicator>
                           <CoveragesInputBroadenedCollisionIndicator>0</CoveragesInputBroadenedCollisionIndicator>
                           <CoveragesInputDeductible>100</CoveragesInputDeductible>
                           <CoveragesInputVehicleLicensedIndicator>0</CoveragesInputVehicleLicensedIndicator>
                           <CoveragesInputACTION_REF_ID>E</CoveragesInputACTION_REF_ID>
                           <CoveragesInputAPRP_ReturnPremiumIndicator>1</CoveragesInputAPRP_ReturnPremiumIndicator>
                           <CoveragesInputAPRP_DeleteCovgIndicator>0</CoveragesInputAPRP_DeleteCovgIndicator>
                           <CoveragesInputAPRP_CVRG_EXP_DT>2019-05-12</CoveragesInputAPRP_CVRG_EXP_DT>
                           <CoveragesInputAPRP_CVRG_TRANS_EFF_DT>2018-08-01</CoveragesInputAPRP_CVRG_TRANS_EFF_DT>
                           <CoveragesInputAPRP_TRANS_EFF_DT>2018-08-01</CoveragesInputAPRP_TRANS_EFF_DT>
                           <CoveragesInputAPRP_PREVP>467</CoveragesInputAPRP_PREVP>
                           <CoveragesInputAPRP_PREVPRP>467</CoveragesInputAPRP_PREVPRP>
                        </coverages>
                        <coverages key="60473117">
                           <CoveragesInputCoverageCode>OTC</CoveragesInputCoverageCode>
                           <CoveragesInputCoverageType>CVRG</CoveragesInputCoverageType>
                           <CoveragesInputRiskType>VEH</CoveragesInputRiskType>
                           <CoveragesInputDeductible>100</CoveragesInputDeductible>
                           <CoveragesInputACTION_REF_ID>E</CoveragesInputACTION_REF_ID>
                           <CoveragesInputAPRP_ReturnPremiumIndicator>1</CoveragesInputAPRP_ReturnPremiumIndicator>
                           <CoveragesInputAPRP_DeleteCovgIndicator>0</CoveragesInputAPRP_DeleteCovgIndicator>
                           <CoveragesInputAPRP_CVRG_EXP_DT>2019-05-12</CoveragesInputAPRP_CVRG_EXP_DT>
                           <CoveragesInputAPRP_CVRG_TRANS_EFF_DT>2018-08-01</CoveragesInputAPRP_CVRG_TRANS_EFF_DT>
                           <CoveragesInputAPRP_TRANS_EFF_DT>2018-08-01</CoveragesInputAPRP_TRANS_EFF_DT>
                           <CoveragesInputAPRP_PREVP>174</CoveragesInputAPRP_PREVP>
                           <CoveragesInputAPRP_PREVPRP>174</CoveragesInputAPRP_PREVPRP>
                        </coverages>
                        <coverages key="60473118">
                           <CoveragesInputCoverageCode>UMBI</CoveragesInputCoverageCode>
                           <CoveragesInputCoverageType>CVRG</CoveragesInputCoverageType>
                           <CoveragesInputRiskType>VEH</CoveragesInputRiskType>
                           <CoveragesInputUMAddedOnIndicator>0</CoveragesInputUMAddedOnIndicator>
                           <CoveragesInputACTION_REF_ID>E</CoveragesInputACTION_REF_ID>
                           <CoveragesInputAPRP_ReturnPremiumIndicator>1</CoveragesInputAPRP_ReturnPremiumIndicator>
                           <CoveragesInputAPRP_DeleteCovgIndicator>0</CoveragesInputAPRP_DeleteCovgIndicator>
                           <CoveragesInputAPRP_CVRG_EXP_DT>2019-05-12</CoveragesInputAPRP_CVRG_EXP_DT>
                           <CoveragesInputAPRP_CVRG_TRANS_EFF_DT>2018-08-01</CoveragesInputAPRP_CVRG_TRANS_EFF_DT>
                           <CoveragesInputAPRP_TRANS_EFF_DT>2018-08-01</CoveragesInputAPRP_TRANS_EFF_DT>
                           <CoveragesInputLimit>1000000</CoveragesInputLimit>
                           <CoveragesInputUIMIncludedIndicator>0</CoveragesInputUIMIncludedIndicator>
                           <CoveragesInputAPRP_PREVP>25</CoveragesInputAPRP_PREVP>
                           <CoveragesInputAPRP_PREVPRP>25</CoveragesInputAPRP_PREVPRP>
                        </coverages>
                        <coverages key="60473119">
                           <CoveragesInputCoverageCode>UIBI</CoveragesInputCoverageCode>
                           <CoveragesInputCoverageType>CVRG</CoveragesInputCoverageType>
                           <CoveragesInputRiskType>VEH</CoveragesInputRiskType>
                           <CoveragesInputUMAddedOnIndicator>0</CoveragesInputUMAddedOnIndicator>
                           <CoveragesInputACTION_REF_ID>E</CoveragesInputACTION_REF_ID>
                           <CoveragesInputAPRP_ReturnPremiumIndicator>1</CoveragesInputAPRP_ReturnPremiumIndicator>
                           <CoveragesInputAPRP_DeleteCovgIndicator>0</CoveragesInputAPRP_DeleteCovgIndicator>
                           <CoveragesInputAPRP_CVRG_EXP_DT>2019-05-12</CoveragesInputAPRP_CVRG_EXP_DT>
                           <CoveragesInputAPRP_CVRG_TRANS_EFF_DT>2018-08-01</CoveragesInputAPRP_CVRG_TRANS_EFF_DT>
                           <CoveragesInputAPRP_TRANS_EFF_DT>2018-08-01</CoveragesInputAPRP_TRANS_EFF_DT>
                           <CoveragesInputLimit>1000000</CoveragesInputLimit>
                           <CoveragesInputUIMIncludedIndicator>0</CoveragesInputUIMIncludedIndicator>
                           <CoveragesInputAPRP_PREVP>70</CoveragesInputAPRP_PREVP>
                           <CoveragesInputAPRP_PREVPRP>70</CoveragesInputAPRP_PREVPRP>
                        </coverages>
                        <kentuckymunicipaltax_aprp_premiumresult key="0">
                           <CoveragesInputCoverageCode>TAXSURCHRG</CoveragesInputCoverageCode>
                           <CoveragesInputCoverageType>MISCCHRG</CoveragesInputCoverageType>
                           <CoveragesInputRiskType>VEH</CoveragesInputRiskType>
                        </kentuckymunicipaltax_aprp_premiumresult>
                     </risk>
                     <Type>CommercialAuto</Type>
                     <LineInputFleetIndicator>0</LineInputFleetIndicator>
                     <LineInputLiabilityExperienceMod/>
                     <LineInputPDExperienceMod/>
                     <LineInputSuchargePrevEDP/>
                     <LineInputLegalEntity>CCorporation</LineInputLegalEntity>
                     <LineInputPREVEDP>0</LineInputPREVEDP>
                     <LineInputSuchargePrevEDP>0</LineInputSuchargePrevEDP>
                     <RMFInputDispersionCharacteristic/>
                     <RMFInputLiabilityEmployeeCharacteristic/>
                     <RMFInputLiabilityEquipmentCharacteristic/>
                     <RMFInputLiabilityManagementCharacteristic/>
                     <RMFInputLiabilitySafetyOrgCharacteristic/>
                     <RMFInputPDDispersionCharacteristic/>
                     <RMFInputPDEmployeeCharacteristic/>
                     <RMFInputPDEquipmentCharacteristic/>
                     <RMFInputPDManagementCharacteristic/>
                     <RMFInputPDSafetyOrgCharacteristic/>
                     <LineCommissionPcnt>10</LineCommissionPcnt>
                     <LineAppliedCommissionPcnt>10</LineAppliedCommissionPcnt>
                     <RMFInputMaturityOfLosses>0</RMFInputMaturityOfLosses>
                     <RMFInputLiabilityCompanySubjectToLossCost>0</RMFInputLiabilityCompanySubjectToLossCost>
                     <RMFInputPDCompanySubjectToLossCost/>
                     <RMFInputPDExperienceMod/>
                     <RMFInputLiabilityExperienceMod/>
                     <LineInputPDExpenseMod>1</LineInputPDExpenseMod>
                     <LineInputLiabilityExpenseMod>1</LineInputLiabilityExpenseMod>
                     <LineInputLiabilityFLeetReductionIndicator>0</LineInputLiabilityFLeetReductionIndicator>
                     <LineInputMedPayFleetReductionIndicator>0</LineInputMedPayFleetReductionIndicator>
                     <LineInputPIPFleetReductionIndicator>0</LineInputPIPFleetReductionIndicator>
                     <LineInputCollsionFleetReductionIndicator>0</LineInputCollsionFleetReductionIndicator>
                     <linelevelcoverages key="0">
                        <LineLevelCoveragesInputCoverageCode>TAXSURCHRG</LineLevelCoveragesInputCoverageCode>
                        <LineLevelCoveragesInputCoverageType>MISCCHRG</LineLevelCoveragesInputCoverageType>
                        <LineLevelCoveragesInputRiskType>AUTOPS</LineLevelCoveragesInputRiskType>
                     </linelevelcoverages>
                     <Surcharge_APRP_PremiumResult>
                        <Surcharge_APRP_CalcsSurchargeType>37</Surcharge_APRP_CalcsSurchargeType>
                        <Surcharge_APRP_InputsCancelPrevPRP>0</Surcharge_APRP_InputsCancelPrevPRP>
                     </Surcharge_APRP_PremiumResult>
                     <Surcharge_APRP_PremiumResult>
                        <Surcharge_APRP_CalcsSurchargeType>71</Surcharge_APRP_CalcsSurchargeType>
                        <Surcharge_APRP_InputsCancelPrevPRP>0</Surcharge_APRP_InputsCancelPrevPRP>
                     </Surcharge_APRP_PremiumResult>
                     <Surcharge_APRP_PremiumResult>
                        <Surcharge_APRP_CalcsSurchargeType>29</Surcharge_APRP_CalcsSurchargeType>
                        <Surcharge_APRP_InputsCancelPrevPRP>0</Surcharge_APRP_InputsCancelPrevPRP>
                     </Surcharge_APRP_PremiumResult>
                     <Surcharge_APRP_PremiumResult>
                        <Surcharge_APRP_CalcsSurchargeType>75</Surcharge_APRP_CalcsSurchargeType>
                        <Surcharge_APRP_InputsCancelPrevPRP>0</Surcharge_APRP_InputsCancelPrevPRP>
                     </Surcharge_APRP_PremiumResult>
                     <Surcharge_APRP_PremiumResult>
                        <Surcharge_APRP_CalcsSurchargeType>77</Surcharge_APRP_CalcsSurchargeType>
                        <Surcharge_APRP_InputsCancelPrevPRP>0</Surcharge_APRP_InputsCancelPrevPRP>
                     </Surcharge_APRP_PremiumResult>
                     <Surcharge_APRP_PremiumResult>
                        <Surcharge_APRP_CalcsSurchargeType>80</Surcharge_APRP_CalcsSurchargeType>
                        <Surcharge_APRP_InputsCancelPrevPRP>0</Surcharge_APRP_InputsCancelPrevPRP>
                     </Surcharge_APRP_PremiumResult>
                     <Surcharge_APRP_PremiumResult>
                        <Surcharge_APRP_CalcsSurchargeType>06</Surcharge_APRP_CalcsSurchargeType>
                        <Surcharge_APRP_InputsCancelPrevPRP>0</Surcharge_APRP_InputsCancelPrevPRP>
                     </Surcharge_APRP_PremiumResult>
                     <Surcharge_APRP_PremiumResult>
                        <Surcharge_APRP_CalcsSurchargeType>05</Surcharge_APRP_CalcsSurchargeType>
                        <Surcharge_APRP_InputsCancelPrevPRP>0</Surcharge_APRP_InputsCancelPrevPRP>
                     </Surcharge_APRP_PremiumResult>
                     <Surcharge_APRP_PremiumResult>
                        <Surcharge_APRP_CalcsSurchargeType>70</Surcharge_APRP_CalcsSurchargeType>
                        <Surcharge_APRP_InputsCancelPrevPRP>0</Surcharge_APRP_InputsCancelPrevPRP>
                     </Surcharge_APRP_PremiumResult>
                     <Surcharge_APRP_PremiumResult>
                        <Surcharge_APRP_CalcsSurchargeType>00</Surcharge_APRP_CalcsSurchargeType>
                        <Surcharge_APRP_InputsCancelPrevPRP>0</Surcharge_APRP_InputsCancelPrevPRP>
                     </Surcharge_APRP_PremiumResult>
                     <Surcharge_APRP_PremiumResult>
                        <Surcharge_APRP_CalcsSurchargeType>20</Surcharge_APRP_CalcsSurchargeType>
                        <Surcharge_APRP_InputsCancelPrevPRP>0</Surcharge_APRP_InputsCancelPrevPRP>
                     </Surcharge_APRP_PremiumResult>
                     <Surcharge_APRP_PremiumResult>
                        <Surcharge_APRP_CalcsSurchargeType>28</Surcharge_APRP_CalcsSurchargeType>
                        <Surcharge_APRP_InputsCancelPrevPRP>0</Surcharge_APRP_InputsCancelPrevPRP>
                     </Surcharge_APRP_PremiumResult>
                     <Surcharge_APRP_PremiumResult>
                        <Surcharge_APRP_CalcsSurchargeType>25</Surcharge_APRP_CalcsSurchargeType>
                        <Surcharge_APRP_InputsCancelPrevPRP>0</Surcharge_APRP_InputsCancelPrevPRP>
                     </Surcharge_APRP_PremiumResult>
                     <Surcharge_APRP_PremiumResult>
                        <Surcharge_APRP_CalcsSurchargeType>81</Surcharge_APRP_CalcsSurchargeType>
                        <Surcharge_APRP_InputsCancelPrevPRP>0</Surcharge_APRP_InputsCancelPrevPRP>
                     </Surcharge_APRP_PremiumResult>
                     <Surcharge_APRP_PremiumResult>
                        <Surcharge_APRP_CalcsSurchargeType>83</Surcharge_APRP_CalcsSurchargeType>
                        <Surcharge_APRP_InputsCancelPrevPRP>0</Surcharge_APRP_InputsCancelPrevPRP>
                     </Surcharge_APRP_PremiumResult>
                     <Surcharge_APRP_PremiumResult>
                        <Surcharge_APRP_CalcsSurchargeType>54</Surcharge_APRP_CalcsSurchargeType>
                        <Surcharge_APRP_InputsCancelPrevPRP>0</Surcharge_APRP_InputsCancelPrevPRP>
                     </Surcharge_APRP_PremiumResult>
                     <Surcharge_APRP_PremiumResult>
                        <Surcharge_APRP_CalcsSurchargeType>84</Surcharge_APRP_CalcsSurchargeType>
                        <Surcharge_APRP_InputsCancelPrevPRP>0</Surcharge_APRP_InputsCancelPrevPRP>
                     </Surcharge_APRP_PremiumResult>
                     <Surcharge_APRP_PremiumResult>
                        <Surcharge_APRP_CalcsSurchargeType>51</Surcharge_APRP_CalcsSurchargeType>
                        <Surcharge_APRP_InputsCancelPrevPRP>0</Surcharge_APRP_InputsCancelPrevPRP>
                     </Surcharge_APRP_PremiumResult>
                     <Surcharge_APRP_PremiumResult>
                        <Surcharge_APRP_CalcsSurchargeType>24</Surcharge_APRP_CalcsSurchargeType>
                        <Surcharge_APRP_InputsCancelPrevPRP>0</Surcharge_APRP_InputsCancelPrevPRP>
                     </Surcharge_APRP_PremiumResult>
                     <Surcharge_APRP_PremiumResult>
                        <Surcharge_APRP_CalcsSurchargeType>30</Surcharge_APRP_CalcsSurchargeType>
                        <Surcharge_APRP_InputsCancelPrevPRP>0</Surcharge_APRP_InputsCancelPrevPRP>
                     </Surcharge_APRP_PremiumResult>
                     <Surcharge_APRP_PremiumResult>
                        <Surcharge_APRP_CalcsSurchargeType>92</Surcharge_APRP_CalcsSurchargeType>
                        <Surcharge_APRP_InputsCancelPrevPRP>0</Surcharge_APRP_InputsCancelPrevPRP>
                     </Surcharge_APRP_PremiumResult>
                     <Surcharge_APRP_PremiumResult>
                        <Surcharge_APRP_CalcsSurchargeType>94</Surcharge_APRP_CalcsSurchargeType>
                        <Surcharge_APRP_InputsCancelPrevPRP>0</Surcharge_APRP_InputsCancelPrevPRP>
                     </Surcharge_APRP_PremiumResult>
                     <linekentuckymunicipaltax/>
                     <linekentuckymunicipaltax_aprp_premiumresult/>
                     <linelevelcoverages key="60473121">
                        <LineLevelCoveragesInputCoverageCode>COMMTOWST</LineLevelCoveragesInputCoverageCode>
                        <LineLevelCoveragesInputCoverageType>CVRG</LineLevelCoveragesInputCoverageType>
                        <LineLevelCoveragesInputRiskType>AUTOPS</LineLevelCoveragesInputRiskType>
                        <LineLevelCoveragesInputAPRP_CVRG_EXP_DT>2018-08-01</LineLevelCoveragesInputAPRP_CVRG_EXP_DT>
                        <LineLevelCoveragesInputAPRP_CVRG_TRANS_EFF_DT>2018-08-01</LineLevelCoveragesInputAPRP_CVRG_TRANS_EFF_DT>
                        <LineLevelCoveragesInputAPRP_ReturnPremiumIndicator>1</LineLevelCoveragesInputAPRP_ReturnPremiumIndicator>
                        <LineLevelCoveragesInputAPRP_DeleteCovgIndicator>1</LineLevelCoveragesInputAPRP_DeleteCovgIndicator>
                        <LineLevelCoveragesInputAPRP_TRANS_EFF_DT>2018-08-01</LineLevelCoveragesInputAPRP_TRANS_EFF_DT>
                        <LineLevelCoveragesInputAPRP_PREVP>50</LineLevelCoveragesInputAPRP_PREVP>
                        <LineLevelCoveragesInputAPRP_PREVPRP>50</LineLevelCoveragesInputAPRP_PREVPRP>
                     </linelevelcoverages>
                     <linelevelcoverages key="60473122">
                        <LineLevelCoveragesInputCoverageCode>BLKAI</LineLevelCoveragesInputCoverageCode>
                        <LineLevelCoveragesInputCoverageType>EXT</LineLevelCoveragesInputCoverageType>
                        <LineLevelCoveragesInputRiskType>AUTOPS</LineLevelCoveragesInputRiskType>
                        <LineLevelCoveragesInputAPRP_CVRG_EXP_DT>2019-05-12</LineLevelCoveragesInputAPRP_CVRG_EXP_DT>
                        <LineLevelCoveragesInputAPRP_CVRG_TRANS_EFF_DT>2018-08-01</LineLevelCoveragesInputAPRP_CVRG_TRANS_EFF_DT>
                        <LineLevelCoveragesInputAPRP_ReturnPremiumIndicator>1</LineLevelCoveragesInputAPRP_ReturnPremiumIndicator>
                        <LineLevelCoveragesInputAPRP_DeleteCovgIndicator>0</LineLevelCoveragesInputAPRP_DeleteCovgIndicator>
                        <LineLevelCoveragesInputAPRP_TRANS_EFF_DT>2018-08-01</LineLevelCoveragesInputAPRP_TRANS_EFF_DT>
                        <LineLevelCoveragesInputAPRP_PREVP>100</LineLevelCoveragesInputAPRP_PREVP>
                        <LineLevelCoveragesInputAPRP_PREVPRP>100</LineLevelCoveragesInputAPRP_PREVPRP>
                     </linelevelcoverages>
                     <linelevelcoverages key="60473123">
                        <LineLevelCoveragesInputCoverageCode>PLUS</LineLevelCoveragesInputCoverageCode>
                        <LineLevelCoveragesInputCoverageType>EXT</LineLevelCoveragesInputCoverageType>
                        <LineLevelCoveragesInputRiskType>AUTOPS</LineLevelCoveragesInputRiskType>
                        <LineLevelCoveragesInputAPRP_CVRG_EXP_DT>2019-05-12</LineLevelCoveragesInputAPRP_CVRG_EXP_DT>
                        <LineLevelCoveragesInputAPRP_CVRG_TRANS_EFF_DT>2018-08-01</LineLevelCoveragesInputAPRP_CVRG_TRANS_EFF_DT>
                        <LineLevelCoveragesInputAPRP_ReturnPremiumIndicator>1</LineLevelCoveragesInputAPRP_ReturnPremiumIndicator>
                        <LineLevelCoveragesInputAPRP_DeleteCovgIndicator>0</LineLevelCoveragesInputAPRP_DeleteCovgIndicator>
                        <LineLevelCoveragesInputAPRP_TRANS_EFF_DT>2018-08-01</LineLevelCoveragesInputAPRP_TRANS_EFF_DT>
                        <LineLevelCoveragesInputAPRP_PREVP>100</LineLevelCoveragesInputAPRP_PREVP>
                        <LineLevelCoveragesInputAPRP_PREVPRP>100</LineLevelCoveragesInputAPRP_PREVPRP>
                     </linelevelcoverages>
                  </line>
                  <polcoverages key="60473124">
                     <PolCoveragesInputCoverageCode>(none)</PolCoveragesInputCoverageCode>
                  </polcoverages>
                  <polcoverages key="60473125">
                     <PolCoveragesInputCoverageCode>AUTOPOL</PolCoveragesInputCoverageCode>
                  </polcoverages>
                  <BTM_APRP_PremiumResult key="0">
                     <BTM_APRP_InputsCode>BMP</BTM_APRP_InputsCode>
                     <BTM_APRP_InputsBRMP/>
                     <BTM_APRP_InputsRMP/>
                     <BTM_APRP_InputsCVRG_EXP_DT/>
                     <BTM_APRP_InputsCVRG_TRANS_EFF_DT>2018-08-01</BTM_APRP_InputsCVRG_TRANS_EFF_DT>
                     <BTM_APRP_InputsDeleteCovgIndicator>0</BTM_APRP_InputsDeleteCovgIndicator>
                     <BTM_APRP_InputsPREVBMP/>
                     <BTM_APRP_InputsPREVBRMP/>
                     <BTM_APRP_InputsPREVP/>
                     <BTM_APRP_InputsPREVPRP/>
                     <BTM_APRP_InputsReturnPremiumIndicator>1</BTM_APRP_InputsReturnPremiumIndicator>
                     <BTM_APRP_InputsTRANS_EFF_DT>2018-08-01</BTM_APRP_InputsTRANS_EFF_DT>
                     <BTM_APRP_InputsCancelPrevPRP/>
                  </BTM_APRP_PremiumResult>
                  <polcoverages key="0">
                     <PolCoveragesInputCoverageCode>BMPTAXSUR</PolCoveragesInputCoverageCode>
                  </polcoverages>
                  <Installment_APRP_PremiumResult key="0">
                     <Installment_APRP_InputsBMP/>
                     <Installment_APRP_InputsBRMP/>
                     <Installment_APRP_InputsCVRG_EXP_DT>2019-05-12</Installment_APRP_InputsCVRG_EXP_DT>
                     <Installment_APRP_InputsCVRG_TRANS_EFF_DT>2018-08-01</Installment_APRP_InputsCVRG_TRANS_EFF_DT>
                     <Installment_APRP_InputsDeleteCovgIndicator>0</Installment_APRP_InputsDeleteCovgIndicator>
                     <Installment_APRP_InputsMP/>
                     <Installment_APRP_InputsPREVBMP/>
                     <Installment_APRP_InputsPREVBRMP/>
                     <Installment_APRP_InputsPREVP/>
                     <Installment_APRP_InputsPREVPRP/>
                     <Installment_APRP_InputsPRO_RATA_FCTR_PCNT/>
                     <Installment_APRP_InputsP_PremiumAmount/>
                     <Installment_APRP_InputsRMP/>
                     <Installment_APRP_InputsReturnPremiumIndicator>1</Installment_APRP_InputsReturnPremiumIndicator>
                     <Installment_APRP_InputsTRANS_EFF_DT>2018-08-01</Installment_APRP_InputsTRANS_EFF_DT>
                     <Installment_APRP_InputsCancelPrevPRP/>
                  </Installment_APRP_PremiumResult>
                  <tolerancewaivepremium key="0"/>
                  <flproptrustfundcomm_surcharge_aprp_premiumresult>
                     <FLPropTrustFundComm_Surcharge_APRP_SurchargeType>34</FLPropTrustFundComm_Surcharge_APRP_SurchargeType>
                     <FLPropTrustFundComm_Surcharge_APRP_SurchargeTypeDesc>Florida Property Trust Fund - Commercial</FLPropTrustFundComm_Surcharge_APRP_SurchargeTypeDesc>
                     <FLPropTrustFundComm_Surcharge_APRP_InputsBRMP/>
                     <FLPropTrustFundComm_Surcharge_APRP_InputsRMP/>
                     <FLPropTrustFundComm_Surcharge_APRP_InputsCVRG_EXP_DT>2019-05-12</FLPropTrustFundComm_Surcharge_APRP_InputsCVRG_EXP_DT>
                     <FLPropTrustFundComm_Surcharge_APRP_InputsCVRG_TRANS_EFF_DT>2018-08-01</FLPropTrustFundComm_Surcharge_APRP_InputsCVRG_TRANS_EFF_DT>
                     <FLPropTrustFundComm_Surcharge_APRP_InputsDeleteCovgIndicator>0</FLPropTrustFundComm_Surcharge_APRP_InputsDeleteCovgIndicator>
                     <FLPropTrustFundComm_Surcharge_APRP_InputsPREVBMP/>
                     <FLPropTrustFundComm_Surcharge_APRP_InputsPREVBRMP/>
                     <FLPropTrustFundComm_Surcharge_APRP_InputsPREVP/>
                     <FLPropTrustFundComm_Surcharge_APRP_InputsPREVPRP/>
                     <FLPropTrustFundComm_Surcharge_APRP_InputsReturnPremiumIndicator/>
                     <FLPropTrustFundComm_Surcharge_APRP_InputsTRANS_EFF_DT>2018-08-01</FLPropTrustFundComm_Surcharge_APRP_InputsTRANS_EFF_DT>
                     <FLPropTrustFundComm_Surcharge_APRP_InputsCancelPrevPRP>0</FLPropTrustFundComm_Surcharge_APRP_InputsCancelPrevPRP>
                  </flproptrustfundcomm_surcharge_aprp_premiumresult>
                  <PolicyGAICInputTaxLocationCode>0</PolicyGAICInputTaxLocationCode>
                  <PolicyType>New_Policy_Issue</PolicyType>
                  <PolicyGAICInputBillingType>AGBILL</PolicyGAICInputBillingType>
                  <PolicyGAICInputCompany>GAIC</PolicyGAICInputCompany>
                  <PolicyInputCompany>GAIC</PolicyInputCompany>
                  <PolicyGAICInputPackageSymbol>CAP</PolicyGAICInputPackageSymbol>
                  <PolicyGAICInputPolicySymbol>CAP</PolicyGAICInputPolicySymbol>
                  <PolicyGAICInputPaymentPlan>PREPD</PolicyGAICInputPaymentPlan>
                  <PolicyInputEnvironmentIndicator>DEV</PolicyInputEnvironmentIndicator>
                  <PrimaryRatingState>OH</PrimaryRatingState>
                  <PolicyInputTransSubType>MT</PolicyInputTransSubType>
                  <PolicyInputTransType>ENDT</PolicyInputTransType>
                  <PolicyInputPolicyEffectiveDate>05/12/2018</PolicyInputPolicyEffectiveDate>
                  <EffectiveDate>2018-05-12</EffectiveDate>
                  <PolicyEffectiveDate>05/12/2018</PolicyEffectiveDate>
                  <PolicyInputEffectiveDate>2018-05-12</PolicyInputEffectiveDate>
                  <ExpirationDate>2019-05-12</ExpirationDate>
                  <PolicyInputExpirationDate>2019-05-12</PolicyInputExpirationDate>
                  <PolicyExpirationDate>05/12/2019</PolicyExpirationDate>
                  <PolicyInputQuoteDate>2018-05-12</PolicyInputQuoteDate>
                  <QuoteDate>05/12/2018</QuoteDate>
                  <UD_UILOB_AUTO_ExpenseModInput>1</UD_UILOB_AUTO_ExpenseModInput>
                  <PackageIndicator>0</PackageIndicator>
                  <PolicyGAICInputIRPMAgriguard>0</PolicyGAICInputIRPMAgriguard>
                  <PolicyGAICInputAL7423CreditIndicator>0</PolicyGAICInputAL7423CreditIndicator>
                  <PolicyGAICInputAL7486CreditIndicator>0</PolicyGAICInputAL7486CreditIndicator>
                  <PolicyInputPRO_RATA_FCTR_PCNT>0.778</PolicyInputPRO_RATA_FCTR_PCNT>
                  <PolicyInputTermFactor>1.0</PolicyInputTermFactor>
                  <TermFactor>1.0</TermFactor>
                  <PolicyGAICInputCompanionCreditApplicable>0</PolicyGAICInputCompanionCreditApplicable>
                  <PolicyGAICInputLossFreeCredit>1.0</PolicyGAICInputLossFreeCredit>
                  <PolicyGAICInputTotalNumberOfVehicles>1</PolicyGAICInputTotalNumberOfVehicles>
                  <PolicyInputPREVPRPDEL>0</PolicyInputPREVPRPDEL>
                  <PolicyGAICInputMilkQualityLevel>0</PolicyGAICInputMilkQualityLevel>
                  <PolicyInputTRANS_EFF_DT>2018-08-01</PolicyInputTRANS_EFF_DT>
               </policy>
               <system/>
            </data>
         </session>
      </Session.setDocumentRq>
      <ManuScript.initDataRq manuscript="R34982a3-f6c3-414b-824a-cbb4667e0836"/>
      <ManuScript.getValueRq manuscript="R34982a3-f6c3-414b-824a-cbb4667e0836"/>
      <Session.getDocumentRq/>
      <Session.closeRq/>
   </requests>
</server>